text,label,predicted,score
"Доставка еды пришла на двадцать минут раньше срока, всё ещё горячее.",positive,neutral,0.6527
"Уборка в номере каждый день, полотенца меняют, ванная чистая.",positive,neutral,0.6971
"Завтрак в отеле разнообразный, есть и каши, и омлеты, и выпечка.",positive,neutral,0.5174
Поддержка ответила за пять минут и решила проблему с оплатой.,positive,neutral,0.7227
"Приложение не рекламирует лишнего, всё по делу, пользуюсь каждый день.",positive,neutral,0.7241
"Обновление добавило тёмную тему, глазам намного комфортнее.",positive,neutral,0.7611
"В кафе есть розетки и стабильный Wi-Fi, удобно работать с ноутбуком.",positive,neutral,0.6047
"Доставка работает даже поздно вечером, что очень выручает.",positive,neutral,0.5214
"Обновление исправило старые баги, теперь всё летает.",positive,neutral,0.8783
"Пицца пришла горячей, коробка не помята, начинка не съехала.",positive,neutral,0.7235
"Еда холодная и безвкусная, цены завышены. Разочарован.",negative,neutral,0.5186
"В номере грязно, кондиционер не работал, администратор был груб.",negative,neutral,0.5778
"Приложение постоянно вылетает, после обновления стало только хуже.",negative,neutral,0.6983
"Столики грязные, посуда липкая, кофе горчит. Пить невозможно.",negative,neutral,0.5758
"Пахнет сыростью при входе, кофе разбавленный, десерт несвежий.",negative,neutral,0.7603
"Очередь, а бариста один. Ждал двадцать минут, кофе горчит.",negative,neutral,0.6534
"Десерт несвежий, круассан чёрствый, кофе разбавленный.",negative,neutral,0.5776
"Цены завышены в два раза, кофе горчит, персонал безразличный.",negative,neutral,0.6341
"Места нет, всё занято, кофе пахнет жжёным, персонал хамит.",negative,neutral,0.6071
"Круассан чёрствый, кофе разбавленный, персонал хамит.",negative,neutral,0.4866
"Кофе остыл, пока несли, десерт несвежий, персонал безразличный.",negative,neutral,0.6118
"Цены выросли, качество упало, кофе безвкусный, персонал спорит.",negative,neutral,0.7576
"Скидок нет, а обещали. Кофе разбавленный, персонал спорит.",negative,neutral,0.7806
"Столы липкие, кофе горчит, персонал спорит с клиентами.",negative,neutral,0.7599
"Персонал курит у входа, кофе холодный, посуда грязная.",negative,neutral,0.6451
"Обещали вайфай, его нет. Кофе горчит, персонал спорит.",negative,neutral,0.6561
"Очередь не двигается, кофе остыл, персонал безразличный.",negative,neutral,0.5307
"Хамят, если просишь переделать. Кофе разбавленный, посуда грязная.",negative,neutral,0.7078
"Отель шумный, стены тонкие, соседей слышно всю ночь.",negative,neutral,0.7732
"Кондиционер сломан, в номере душно, ресепшн не реагирует.",negative,neutral,0.5635
"Завтрак холодный, выбор маленький, кофе растворимый.",negative,neutral,0.7743
"В ванной плесень, полотенца серые, горячей воды нет.",negative,neutral,0.7079
"Курьер опоздал на час, еда остыла, упаковка помята.",negative,neutral,0.6023
"Доставка перепутала адрес, еда пришла холодной и поздно.",negative,neutral,0.6501
"Кроссовки пришли с браком, подошва отклеена, поддержка игнорирует.",negative,neutral,0.5347
"Номер обычный, есть кровать, стол, шкаф, окно во двор.",neutral,positive,0.5501
"Пользуюсь приложением месяц, оплата проходит через карту.",neutral,positive,0.533
"Заказывал суши в пятницу, привезли в течение часа.",neutral,positive,0.841
"Номер на третьем этаже, лифт есть, подъём удобный.",neutral,positive,0.798
"Куртка соответствует описанию, материал средней плотности.",neutral,positive,0.7355
"Номер стандартный, есть телевизор и чайник, до центра десять минут пешком.",neutral,positive,0.8012
"Купил чехол для телефона, соответствует описанию на сайте.",neutral,positive,0.551
"Заказ пришёл вовремя, курьер был в форме, всё стандартно.",neutral,positive,0.9485
"Товар пришёл в срок, упаковка обычная, ничего лишнего.",neutral,positive,0.7171
"Заказывал пиццу, привезли в срок, вкус средний.",neutral,positive,0.7665
"Купил наушники, звук нормальный, за свои деньги ок.",neutral,positive,0.9431
"Заказ оформлял через приложение, всё стандартно.",neutral,positive,0.7251
"Отель принимает гостей круглосуточно, ресепшн работает.",neutral,positive,0.6875
"Заказ пришёл, но курьер не позвонил заранее.",neutral,negative,0.8188
"Заказывал доставку во вторник, привезли в назначенное время.",neutral,positive,0.5276
