text,label,predicted,score,correct
"Отличное кафе, кофе вкусный, персонал приветливый. Обязательно вернусь!",positive,positive,0.997,True
"Заказ привезли быстро, всё упаковано аккуратно, качеством очень доволен.",positive,positive,0.9954,True
"Лучший сервис из всех, что я пробовал. Рекомендую всем!",positive,positive,0.9959,True
"Номер чистый, вид из окна замечательный, завтраки разнообразные.",positive,positive,0.9842,True
"Приложение удобное, всё работает без сбоев, спасибо разработчикам.",positive,positive,0.9717,True
"Кофе здесь просто божественный, бариста настоящие профессионалы своего дела.",positive,positive,0.9186,True
"Доставка еды пришла на двадцать минут раньше срока, всё ещё горячее.",positive,neutral,0.6527,False
"Персонал отеля очень внимательный, помогли с багажом и подсказали маршрут.",positive,positive,0.9606,True
"Обновление приложения сделало интерфейс намного удобнее, спасибо команде.",positive,positive,0.5124,True
"Пицца вкусная, тесто тонкое, начинки много. Буду заказывать ещё.",positive,positive,0.991,True
"Официант был очень вежлив, помог выбрать блюдо из меню, всё понравилось.",positive,positive,0.9238,True
"Куртка пришла точно по размеру, качество ткани отличное, ношу с удовольствием.",positive,positive,0.9958,True
"Уборка в номере каждый день, полотенца меняют, ванная чистая.",positive,neutral,0.6971,False
"Приложение быстро грузит каталог, фильтры удобные, нашёл нужное за минуту.",positive,positive,0.782,True
"Суши свежие, рис идеальный, рыба не пахнет. Очень доволен заказом.",positive,positive,0.9909,True
"Завтрак в отеле разнообразный, есть и каши, и омлеты, и выпечка.",positive,neutral,0.5174,False
Поддержка ответила за пять минут и решила проблему с оплатой.,positive,neutral,0.7227,False
"Кофе с собой всегда горячий, крышка не протекает, удобно в дорогу.",positive,positive,0.5964,True
"Заказал кроссовки, пришли быстро, упаковка целая, размер совпал.",positive,positive,0.9078,True
"Администратор заселил раньше времени без доплаты, очень приятно.",positive,positive,0.9941,True
"Приложение не рекламирует лишнего, всё по делу, пользуюсь каждый день.",positive,neutral,0.7241,False
"Десерты в кафе свежие, особенно понравился чизкейк с малиной.",positive,positive,0.8755,True
"Курьер позвонил заранее, поднялся на этаж, был вежлив и аккуратен.",positive,positive,0.8848,True
"В номере тихо, окна во двор, спал отлично, кровать удобная.",positive,positive,0.9927,True
"Обновление добавило тёмную тему, глазам намного комфортнее.",positive,neutral,0.7611,False
"Бургер сочный, булочка мягкая, соус идеальный. Вернусь ещё.",positive,positive,0.9877,True
"Персонал кафе улыбается, создаёт уют, хочется остаться подольше.",positive,positive,0.9709,True
"Телевизор пришёл без царапин, работает отлично, картинка яркая.",positive,positive,0.8191,True
"Завтрак принесли быстро, омлет горячий, кофе ароматный.",positive,positive,0.9548,True
"В приложении удобная корзина и понятная оплата, заказ оформил за минуту.",positive,positive,0.917,True
"Отель расположен близко к метро, удобно добираться до центра.",positive,positive,0.6037,True
"Паста аль денте, соус насыщенный, порция большая. Очень вкусно.",positive,positive,0.9859,True
"Курьер вежливый, помог донести пакеты до двери, приятно удивлён.",positive,positive,0.9892,True
"Номер просторный, кровать большая, подушки удобные, выспался.",positive,positive,0.6977,True
"Приложение работает стабильно, ни одного вылета за месяц использования.",positive,positive,0.5576,True
"Кофе в зернах свежий, аромат чувствуется даже через упаковку.",positive,positive,0.7456,True
"Салат свежий, овощи хрустящие, заправка в меру. Доволен обедом.",positive,positive,0.9872,True
"Персонал отеля подсказал хороший ресторан рядом, спасибо за заботу.",positive,positive,0.8147,True
"Заказ собрали быстро, ничего не забыли, всё по списку.",positive,positive,0.9016,True
"Наушники звучат отлично, шумоподавление работает, батарея держит долго.",positive,positive,0.9231,True
"В кафе есть розетки и стабильный Wi-Fi, удобно работать с ноутбуком.",positive,neutral,0.6047,False
"Доставка работает даже поздно вечером, что очень выручает.",positive,neutral,0.5214,False
"Номер чистый, постель свежая, запах приятный, никаких претензий.",positive,positive,0.9816,True
"Приложение синхронизирует заказы между устройствами, очень удобно.",positive,positive,0.6961,True
"Стейк прожарен ровно так, как просил, гарнир вкусный.",positive,positive,0.712,True
"Курьер приехал вовремя, был вежлив, заказ в идеальном состоянии.",positive,positive,0.9811,True
"Отель тихий, шумоизоляция хорошая, соседей не слышно.",positive,positive,0.9756,True
"Обновление исправило старые баги, теперь всё летает.",positive,neutral,0.8783,False
"Кофе здесь варят лучший в районе, хожу каждое утро.",positive,positive,0.9014,True
"Пицца пришла горячей, коробка не помята, начинка не съехала.",positive,neutral,0.7235,False
"Ужасное обслуживание, ждали заказ час, официант хамил. Больше не придём.",negative,negative,0.971,True
"Товар пришёл сломанным, поддержка не отвечает уже неделю. Деньги на ветер.",negative,negative,0.928,True
"Еда холодная и безвкусная, цены завышены. Разочарован.",negative,neutral,0.5186,False
"В номере грязно, кондиционер не работал, администратор был груб.",negative,neutral,0.5778,False
"Приложение постоянно вылетает, после обновления стало только хуже.",negative,neutral,0.6983,False
"Кофе принесли холодным, хотя просил горячий. Бариста даже не извинился.",negative,negative,0.5719,True
"Ждал заказ двадцать минут, в итоге перепутали и принесли не то.",negative,negative,0.8355,True
"Столики грязные, посуда липкая, кофе горчит. Пить невозможно.",negative,neutral,0.5758,False
"Пахнет сыростью при входе, кофе разбавленный, десерт несвежий.",negative,neutral,0.7603,False
"Дорого и невкусно, персонал спорит с клиентами. Больше не приду.",negative,negative,0.5507,True
"Музыка орёт, поговорить нельзя. Кофе остыл, пока его несли.",negative,negative,0.5352,True
"Wi-Fi не работает, хотя обещали. Персонал безразличный, места нет.",negative,negative,0.5761,True
"Очередь, а бариста один. Ждал двадцать минут, кофе горчит.",negative,neutral,0.6534,False
"Десерт несвежий, круассан чёрствый, кофе разбавленный.",negative,neutral,0.5776,False
"Хамство на кассе, кофе холодный, посуда грязная. Больше ни ногой.",negative,negative,0.923,True
"Цены завышены в два раза, кофе горчит, персонал безразличный.",negative,neutral,0.6341,False
"Места нет, всё занято, кофе пахнет жжёным, персонал хамит.",negative,neutral,0.6071,False
"Обслуживание медленное, принесли не то, кофе остыл. Разочарование.",negative,negative,0.6144,True
"Душно, кондиционер не работает, кофе безвкусный, персонал спорит.",negative,negative,0.5499,True
"Круассан чёрствый, кофе разбавленный, персонал хамит.",negative,neutral,0.4866,False
"Кофе остыл, пока несли, десерт несвежий, персонал безразличный.",negative,neutral,0.6118,False
"Грязная посуда, кофе горчит, персонал хамит. Разочарование полное.",negative,negative,0.8274,True
"Отвратительный латте, персонал безразличный, музыка орёт.",negative,negative,0.9785,True
"Цены выросли, качество упало, кофе безвкусный, персонал спорит.",negative,neutral,0.7576,False
"Не принимают карты, кофе горчит, персонал безразличный.",negative,negative,0.4972,True
"Скидок нет, а обещали. Кофе разбавленный, персонал спорит.",negative,neutral,0.7806,False
"Бариста забыл про заказ, кофе остыл, персонал хамит.",negative,negative,0.5774,True
"Шумно, как на вокзале, кофе безвкусный, персонал хамит.",negative,negative,0.6111,True
"Столы липкие, кофе горчит, персонал спорит с клиентами.",negative,neutral,0.7599,False
"Персонал курит у входа, кофе холодный, посуда грязная.",negative,neutral,0.6451,False
"Заказ отменили без извинений, кофе безвкусный, персонал безразличный.",negative,negative,0.7981,True
"Обещали вайфай, его нет. Кофе горчит, персонал спорит.",negative,neutral,0.6561,False
"Очередь не двигается, кофе остыл, персонал безразличный.",negative,neutral,0.5307,False
"Хамят, если просишь переделать. Кофе разбавленный, посуда грязная.",negative,neutral,0.7078,False
"Номер грязный, постель несвежая, администратор нахамил.",negative,negative,0.5742,True
"Отель шумный, стены тонкие, соседей слышно всю ночь.",negative,neutral,0.7732,False
"Кондиционер сломан, в номере душно, ресепшн не реагирует.",negative,neutral,0.5635,False
"Завтрак холодный, выбор маленький, кофе растворимый.",negative,neutral,0.7743,False
"В ванной плесень, полотенца серые, горячей воды нет.",negative,neutral,0.7079,False
"Заселили на час позже, номер не убрали, извинений не было.",negative,negative,0.6644,True
"Курьер опоздал на час, еда остыла, упаковка помята.",negative,neutral,0.6023,False
"Заказ пришёл неполным, поддержка не отвечает, деньги не вернули.",negative,negative,0.9745,True
"Доставка перепутала адрес, еда пришла холодной и поздно.",negative,neutral,0.6501,False
"Курьер нахамил, отказался подниматься на этаж, заказ оставил у подъезда.",negative,negative,0.6647,True
"Приложение зависло при оплате, деньги списались, заказ не оформился.",negative,negative,0.946,True
"Обновление сломало вход, пароль не принимается, поддержка молчит.",negative,negative,0.6741,True
"Приложение показывает неверный статус заказа, курьер не приехал.",negative,negative,0.7663,True
"Товар пришёл не того цвета, возврат оформляют уже вторую неделю.",negative,negative,0.6046,True
"Кроссовки пришли с браком, подошва отклеена, поддержка игнорирует.",negative,neutral,0.5347,False
"Телефон пришёл с царапиной на экране, магазин отказывается менять.",negative,negative,0.6236,True
"Заказывал доставку в четверг, привезли в назначенное время.",positive,positive,0.5816,True
"Кафе находится рядом с метро, работает с восьми утра.",neutral,neutral,0.7239,True
"Купил зарядку для телефона, подошла к модели, работает.",positive,positive,0.934,True
"Номер обычный, есть кровать, стол, шкаф, окно во двор.",neutral,positive,0.5501,False
"Пользуюсь приложением месяц, оплата проходит через карту.",neutral,positive,0.533,False
"Заказывал суши в пятницу, привезли в течение часа.",neutral,positive,0.841,False
"Отель расположен в центре, рядом несколько кафе и магазинов.",neutral,neutral,0.831,True
"Кроссовки соответствуют размеру, цвет как на фото.",positive,positive,0.8242,True
"Приложение установил по совету друга, пользуюсь иногда.",neutral,neutral,0.5634,True
"В кафе есть меню на русском и английском, цены указаны.",neutral,neutral,0.844,True
Доставка работает с десяти утра до одиннадцати вечера.,neutral,neutral,0.6224,True
"Номер на третьем этаже, лифт есть, подъём удобный.",neutral,positive,0.798,False
"Товар пришёл в стандартной упаковке, без повреждений.",neutral,neutral,0.5688,True
Приложение запрашивает номер телефона при регистрации.,neutral,neutral,0.9581,True
"Кофе в кафе стоит столько же, сколько в соседних.",neutral,neutral,0.8204,True
"Заказ оформлял через сайт, подтверждение пришло на почту.",neutral,neutral,0.7329,True
"Отель принимает карты и наличные, есть терминал.",neutral,neutral,0.8351,True
"Куртка соответствует описанию, материал средней плотности.",neutral,positive,0.7355,False
"Приложение показывает статус заказа, но не всегда обновляет.",neutral,neutral,0.8654,True
"В кафе самообслуживание, заказ забираешь на стойке.",neutral,neutral,0.8501,True
"Доставка приехала в указанное окно, курьер позвонил.",neutral,neutral,0.6821,True
"Номер стандартный, есть телевизор и чайник, до центра десять минут пешком.",neutral,positive,0.8012,False
"Купил чехол для телефона, соответствует описанию на сайте.",neutral,positive,0.551,False
"Приложение работает, но иногда приходится перезаходить.",neutral,neutral,0.8099,True
"Кафе работает по будням и выходным, без выходных.",neutral,neutral,0.8553,True
"Заказ пришёл вовремя, курьер был в форме, всё стандартно.",neutral,positive,0.9485,False
Отель предлагает завтрак за дополнительную плату.,neutral,neutral,0.9265,True
"Товар пришёл в срок, упаковка обычная, ничего лишнего.",neutral,positive,0.7171,False
Приложение поддерживает оплату картой и через СБП.,neutral,neutral,0.9142,True
"Кофе в кафе обычный, ничем не выделяется.",neutral,neutral,0.8242,True
"Доставка привезла заказ, но забыла салфетки, мелочь.",neutral,neutral,0.6595,True
"Номер небольшой, но всё необходимое есть.",neutral,neutral,0.5506,True
"Заказывал пиццу, привезли в срок, вкус средний.",neutral,positive,0.7665,False
Приложение иногда подвисает при загрузке каталога.,neutral,neutral,0.9224,True
"Отель находится в тихом районе, но далеко от центра.",neutral,neutral,0.7693,True
"Купил наушники, звук нормальный, за свои деньги ок.",neutral,positive,0.9431,False
"В кафе можно сидеть долго, никто не выгоняет.",neutral,neutral,0.859,True
"Заказ оформлял через приложение, всё стандартно.",neutral,positive,0.7251,False
"Номер с видом на улицу, шумно при открытом окне.",neutral,neutral,0.7574,True
"Товар соответствует описанию, но упаковка была помята.",neutral,neutral,0.7299,True
"Приложение требует обновления раз в неделю, немного раздражает.",neutral,neutral,0.7743,True
"Кофе в кафе наливают в бумажные стаканы, керамики нет.",neutral,neutral,0.8762,True
"Доставка работает в моём районе, но не во все часы.",neutral,neutral,0.688,True
"Отель принимает гостей круглосуточно, ресепшн работает.",neutral,positive,0.6875,False
"Кроссовки удобные, но размер маломерит на полразмера.",neutral,neutral,0.6988,True
"Кафе находится на втором этаже торгового центра, работает до 22:00.",neutral,neutral,0.8033,True
"Заказ пришёл, но курьер не позвонил заранее.",neutral,negative,0.8188,False
"Приложение понятное, но реклама иногда мешает.",neutral,neutral,0.5515,True
"Номер чистый, но мебель старая, есть царапины.",neutral,neutral,0.7325,True
"Заказывал доставку во вторник, привезли в назначенное время.",neutral,positive,0.5276,False
"Данный ресторан занимается проведением банкетов, работает с 7 утра до 11 вечера с понедельника по пятницу",neutral,neutral,0.963,True
